<?xml version="1.0" encoding="UTF-8"?>
<project-private xmlns="http://www.netbeans.org/ns/project-private/1">
    <editor-bookmarks xmlns="http://www.netbeans.org/ns/editor-bookmarks/2" lastBookmarkId="0"/>
    <open-files xmlns="http://www.netbeans.org/ns/projectui-open-files/2">
        <group>
            <file>file:/F:/NetBinWorkSpace/Employee%20Management%20System/src/employee/management/system/EmployeeHome.java</file>
            <file>file:/F:/NetBinWorkSpace/Employee%20Management%20System/src/employee/management/system/login.java</file>
            <file>file:/F:/NetBinWorkSpace/Employee%20Management%20System/src/employee/management/system/NewLogin.java</file>
            <file>file:/F:/NetBinWorkSpace/Employee%20Management%20System/src/employee/management/system/ViewEmployee.java</file>
            <file>file:/F:/NetBinWorkSpace/Employee%20Management%20System/src/employee/management/system/EmployeeLogin.java</file>
            <file>file:/F:/NetBinWorkSpace/Employee%20Management%20System/src/employee/management/system/Splash.java</file>
        </group>
    </open-files>
</project-private>
